<?xml version="1.0" encoding="utf-8" ?>
<assessments questionsGiven="2">
  <version>0.0.4</version>
  <!--  -->
  <assessment id="1" type="" completed="false" title="Match Features to Wants Game - Buick">
    <introText><![CDATA[<p>With all the questions, play with these assumptions:</p>
    <ul>
      <li>Most recent model year</li>
      <li>Lowest trim level</li>
      <li>No dealer or factory incentives</li>
      <li>All seats up for trunk/cargo space</li>
    </ul>
    <p>Try to get all 10 right! Then come back and play again. The questions and answers will change!</p>
    <p>Click <span class='bolded'>NEXT</span> to begin.</p>]]></introText>

    <questionAnswer type="multi_choice" required="false" answered="false" passed="false">
      <questions>
        <question type="multi_choice" required="false" answered="false" passed="false" >
          <type>
            <criterion>mpg</criterion>
            <filter></filter>
            <filterNum></filterNum>
          </type>
          <questionTitle><![CDATA[]]></questionTitle>
          <questionBody><![CDATA[The customer wants the vehicle with the best combined gas mileage. Which vehicle would you recommend?]]></questionBody>
          <imgSrc><![CDATA[]]></imgSrc>
        </question>

        <question type="multi_choice" required="false" answered="false" passed="false">
          <type>
            <criterion>rearLegRoom</criterion>
            <filter>mpg</filter>
            <filterNum>25</filterNum>
          </type>
          <questionTitle><![CDATA[]]></questionTitle>
          <questionBody><![CDATA[The customer wants the vehicle with the most interior cabin space. Which vehicle would you recommend?]]></questionBody>
          <imgSrc><![CDATA[]]></imgSrc>
        </question>

        <question type="multi_choice" required="false" answered="false" passed="false">
          <type>
            <criterion>cargoVol</criterion>
            <filter>cargoVol</filter>
            <filterNum>20</filterNum>
          </type>
          <questionTitle><![CDATA[]]></questionTitle>
          <questionBody><![CDATA[The customer wants the vehicle with the biggest trunk. Which vehicle would you recommend?]]></questionBody>
          <imgSrc><![CDATA[]]></imgSrc>
        </question>

        <question type="multi_choice" required="false" answered="false" passed="false">
          <type>
            <criterion>basePrice</criterion>
            <filter>horsePower</filter>
            <filterNum>250</filterNum>
          </type>
          <questionTitle><![CDATA[]]></questionTitle>
          <questionBody><![CDATA[The customer wants the vehicle with the lowest base price. Which vehicle would you recommend? (Note: Assume lowest trim level and no dealer/factory incentives.)]]></questionBody>
          <imgSrc><![CDATA[]]></imgSrc>
        </question>

        <question type="multi_choice" required="false" answered="false" passed="false">
          <type>
            <criterion>horsePower</criterion>
            <filter>horsePower</filter>
            <filterNum>250</filterNum>
          </type>
          <questionTitle><![CDATA[]]></questionTitle>
          <questionBody><![CDATA[The customer wants the vehicle with the most horsepower. Which vehicle would you recommend?]]></questionBody>
          <imgSrc><![CDATA[]]></imgSrc>
        </question>

        <question type="multi_choice" required="false" answered="false" passed="false">
          <type>
            <criterion>mpg</criterion>
            <filter>horsePower</filter>
            <filterNum>250</filterNum>
          </type>
          <questionTitle><![CDATA[]]></questionTitle>
          <questionBody><![CDATA[The customer wants a vehicle with good horsepower but is more concerned with fuel efficiency. Which vehicle would you recommend?]]></questionBody>
          <imgSrc><![CDATA[]]></imgSrc>
        </question>

        <question type="multi_choice" required="false" answered="false" passed="false">
          <type>
            <criterion>cargoVol</criterion>
            <filter></filter>
            <filterNum></filterNum>
          </type>
          <questionTitle><![CDATA[]]></questionTitle>
          <questionBody><![CDATA[The customer is a real estate agent, and she needs a vehicle that looks great. However, she often needs to haul signs and other items, which means she needs the most cargo space available. Which vehicle would you recommend?]]></questionBody>
          <imgSrc><![CDATA[]]></imgSrc>
        </question>

        <question type="multi_choice" required="false" answered="false" passed="false">
          <type>
            <criterion>basePrice</criterion>
            <filter></filter>
            <filterNum></filterNum>
          </type>
          <questionTitle><![CDATA[]]></questionTitle>
          <questionBody><![CDATA[The customer wants a sleek vehicle that will turn heads but he is more concerned about the price. Which vehicle would you recommend?]]></questionBody>
          <imgSrc><![CDATA[]]></imgSrc>
        </question>

        <question type="multi_choice" required="false" answered="false" passed="false">
          <type>
            <criterion>cargoVol</criterion>
            <filter></filter>
            <filterNum></filterNum>
          </type>
          <questionTitle><![CDATA[]]></questionTitle>
          <questionBody><![CDATA[The customer mentions she often likes to travel to local state parks to go mountain biking. Which vehicle with the most cargo space would you recommend?]]></questionBody>
          <imgSrc><![CDATA[]]></imgSrc>
        </question>

        <question type="multi_choice" required="false" answered="false" passed="false">
          <type>
            <criterion>rearLegRoom</criterion>
            <filter></filter>
            <filterNum></filterNum>
          </type>
          <questionTitle><![CDATA[]]></questionTitle>
          <questionBody><![CDATA[The customer has children and needs a vehicle that has the most leg room. Which vehicle would you recommend?]]></questionBody>
          <imgSrc><![CDATA[]]></imgSrc>
        </question>

      </questions>
      <answers>
        <answer correct="">
          <modelImgSrc><![CDATA[../../dir/media/img/assets/game/2018-Buick-Regal-GS-094.png]]></modelImgSrc>
          <brand><![CDATA[2018 Buick]]></brand>
          <model><![CDATA[Regal GS]]></model>
          <attributes><![CDATA[(AWD)]]></attributes>
          <mpg><![CDATA[19/27]]></mpg>
          <mpgCity><![CDATA[19]]></mpgCity>
          <mpgHighway><![CDATA[27]]></mpgHighway>
          <rearLegRoom><![CDATA[36.9]]></rearLegRoom>
          <cargoVol><![CDATA[31.5]]></cargoVol>
          <basePrice><![CDATA[39,070]]></basePrice>
          <horsePower><![CDATA[310]]></horsePower>
        </answer>

        <answer correct="">
          <modelImgSrc><![CDATA[../../dir/media/img/assets/game/2018-Buick-Regal-Sportback-052.png]]></modelImgSrc>
          <brand><![CDATA[2018 Buick]]></brand>
          <model><![CDATA[Regal Sportback]]></model>
          <attributes><![CDATA[(FWD)]]></attributes>
          <mpg><![CDATA[22/32]]></mpg>
          <mpgCity><![CDATA[22]]></mpgCity>
          <mpgHighway><![CDATA[32]]></mpgHighway>
          <rearLegRoom><![CDATA[36.9]]></rearLegRoom>
          <cargoVol><![CDATA[31.5]]></cargoVol>
          <basePrice><![CDATA[24,990]]></basePrice>
          <horsePower><![CDATA[250]]></horsePower>
        </answer>

        <answer correct="">
          <modelImgSrc><![CDATA[../../dir/media/img/assets/game/2018-Buick-Regal-TourX-123.png]]></modelImgSrc>
          <brand><![CDATA[2018 Buick]]></brand>
          <model><![CDATA[Regal TourX]]></model>
          <attributes><![CDATA[]]></attributes>
          <mpg><![CDATA[21/29]]></mpg>
          <mpgCity><![CDATA[21]]></mpgCity>
          <mpgHighway><![CDATA[29]]></mpgHighway>
          <rearLegRoom><![CDATA[36.9]]></rearLegRoom>
          <cargoVol><![CDATA[32.7]]></cargoVol>
          <basePrice><![CDATA[29,070]]></basePrice>
          <horsePower><![CDATA[250]]></horsePower>
        </answer>

        <answer correct="">
          <modelImgSrc><![CDATA[../../dir/media/img/assets/game/2018-Buick-LaCrosse-025.png]]></modelImgSrc>
          <brand><![CDATA[2018 Buick]]></brand>
          <model><![CDATA[LaCrosse]]></model>
          <attributes><![CDATA[(3.6L V6 FWD)]]></attributes>
          <mpg><![CDATA[21/31]]></mpg>
          <mpgCity><![CDATA[21]]></mpgCity>
          <mpgHighway><![CDATA[31]]></mpgHighway>
          <rearLegRoom><![CDATA[38.0]]></rearLegRoom>
          <cargoVol><![CDATA[15.0]]></cargoVol>
          <basePrice><![CDATA[29,565]]></basePrice>
          <horsePower><![CDATA[310]]></horsePower>
        </answer>

        <answer correct="">
          <modelImgSrc><![CDATA[../../dir/media/img/assets/game/2018-Buick-Cascada-Convertible-028.png]]></modelImgSrc>
          <brand><![CDATA[2018 Buick]]></brand>
          <model><![CDATA[Cascada]]></model>
          <attributes><![CDATA[]]></attributes>
          <mpg><![CDATA[21/29]]></mpg>
          <mpgCity><![CDATA[21]]></mpgCity>
          <mpgHighway><![CDATA[29]]></mpgHighway>
          <rearLegRoom><![CDATA[32.8]]></rearLegRoom>
          <cargoVol><![CDATA[13.4]]></cargoVol>
          <basePrice><![CDATA[33,065]]></basePrice>
          <horsePower><![CDATA[200]]></horsePower>
        </answer>

        <answer correct="">
          <modelImgSrc><![CDATA[../../dir/media/img/assets/game/2018-Buick-Encore-006.png]]></modelImgSrc>
          <brand><![CDATA[2018 Buick]]></brand>
          <model><![CDATA[Encore]]></model>
          <attributes><![CDATA[(1.4L standard FWD)]]></attributes>
          <mpg><![CDATA[25/33]]></mpg>
          <mpgCity><![CDATA[25]]></mpgCity>
          <mpgHighway><![CDATA[33]]></mpgHighway>
          <rearLegRoom><![CDATA[35.7]]></rearLegRoom>
          <cargoVol><![CDATA[18.8]]></cargoVol>
          <basePrice><![CDATA[22,990]]></basePrice>
          <horsePower><![CDATA[138]]></horsePower>
        </answer>

        <answer correct="">
          <modelImgSrc><![CDATA[../../dir/media/img/assets/game/2018-Buick-Envision-017.png]]></modelImgSrc>
          <brand><![CDATA[2018 Buick]]></brand>
          <model><![CDATA[Envision]]></model>
          <attributes><![CDATA[(2.5L FWD)]]></attributes>
          <mpg><![CDATA[22/29]]></mpg>
          <mpgCity><![CDATA[22]]></mpgCity>
          <mpgHighway><![CDATA[29]]></mpgHighway>
          <rearLegRoom><![CDATA[37.5]]></rearLegRoom>
          <cargoVol><![CDATA[26.9]]></cargoVol>
          <basePrice><![CDATA[33,995]]></basePrice>
          <horsePower><![CDATA[197]]></horsePower>
        </answer>

        <answer correct="">
          <modelImgSrc><![CDATA[../../dir/media/img/assets/game/2018-Buick-Enclave-033.png]]></modelImgSrc>
          <brand><![CDATA[2018 Buick]]></brand>
          <model><![CDATA[Enclave]]></model>
          <attributes><![CDATA[(FWD)]]></attributes>
          <mpg><![CDATA[18/26]]></mpg>
          <mpgCity><![CDATA[18]]></mpgCity>
          <mpgHighway><![CDATA[26]]></mpgHighway>
          <rearLegRoom><![CDATA[38.9]]></rearLegRoom>
          <cargoVol><![CDATA[58.0]]></cargoVol>
          <basePrice><![CDATA[39,995]]></basePrice>
          <horsePower><![CDATA[310]]></horsePower>
        </answer>
      </answers>
      <feedback>
        <correct><![CDATA[That's correct!]]></correct>
        <incorrect><![CDATA[Sorry. That's Incorrect.]]></incorrect>
      </feedback>
    </questionAnswer>
  </assessment>

  <!-- -->
  <assessment id="2" type="" completed="false" title="Match Features to Wants Game - GMC">
    <introText><![CDATA[<p>With all the questions, play with these assumptions:</p>
    <ul>
      <li>Most recent model year</li>
      <li>Lowest trim level</li>
      <li>No dealer or factory incentives</li>
      <li>All seats up for trunk/cargo space</li>
    </ul>
    <p>Try to get all 10 right! Then come back and play again. The questions and answers will change!</p>
    <p>Click <span class='bolded'>NEXT</span> to begin.</p>]]></introText>

    <questionAnswer type="multi_choice" required="false" answered="false" passed="false">
      <questions>
        <question type="multi_choice" required="false" answered="false" passed="false">
          <type>
            <criterion>mpg</criterion>
            <filter></filter>
            <filterNum></filterNum>
          </type>
          <questionTitle><![CDATA[]]></questionTitle>
          <questionBody><![CDATA[The customer wants the vehicle with the best combined gas mileage. Which vehicle would you recommend?]]></questionBody>
          <imgSrc><![CDATA[]]></imgSrc>
        </question>

        <question type="multi_choice" required="false" answered="false" passed="false">
          <type>
            <criterion>rearLegRoom</criterion>
            <filter></filter>
            <filterNum></filterNum>
          </type>
          <questionTitle><![CDATA[]]></questionTitle>
          <questionBody><![CDATA[The customer wants the vehicle with the most interior cabin space. Which vehicle would you recommend?]]></questionBody>
          <imgSrc><![CDATA[]]></imgSrc>
        </question>

        <question type="multi_choice" required="false" answered="false" passed="false">
          <type>
            <criterion>cargoVol</criterion>
            <filter></filter>
            <filterNum></filterNum>
          </type>
          <questionTitle><![CDATA[]]></questionTitle>
          <questionBody><![CDATA[The customer wants the vehicle with the biggest trunk. Which vehicle would you recommend?]]></questionBody>
          <imgSrc><![CDATA[]]></imgSrc>
        </question>

        <question type="multi_choice" required="false" answered="false" passed="false">
          <type>
            <criterion>basePrice</criterion>
            <filter></filter>
            <filterNum></filterNum>
          </type>
          <questionTitle><![CDATA[]]></questionTitle>
          <questionBody><![CDATA[The customer wants the vehicle with the lowest base price. Which vehicle would you recommend? (Note: Assume lowest trim level and no dealer/factory incentives.)]]></questionBody>
          <imgSrc><![CDATA[]]></imgSrc>
        </question>

        <question type="multi_choice" required="false" answered="false" passed="false">
          <type>
            <criterion>horsePower</criterion>
            <filter></filter>
            <filterNum></filterNum>
          </type>
          <questionTitle><![CDATA[]]></questionTitle>
          <questionBody><![CDATA[The customer wants the vehicle with the most horsepower. Which vehicle would you recommend?]]></questionBody>
          <imgSrc><![CDATA[]]></imgSrc>
        </question>

        <question type="multi_choice" required="false" answered="false" passed="false">
          <type>
            <criterion>mpg</criterion>
            <filter></filter>
            <filterNum></filterNum>
          </type>
          <questionTitle><![CDATA[]]></questionTitle>
          <questionBody><![CDATA[The customer wants a vehicle with good horsepower but is more concerned with fuel efficiency. Which vehicle would you recommend?]]></questionBody>
          <imgSrc><![CDATA[]]></imgSrc>
        </question>

        <question  type="multi_choice" required="false" answered="false" passed="false" criterion="cargoVol">
          <type>
            <criterion>cargo</criterion>
            <filter></filter>
            <filterNum></filterNum>
          </type>
          <questionTitle><![CDATA[]]></questionTitle>
          <questionBody><![CDATA[The customer is a real estate agent, and she needs a vehicle that looks great. However, she often needs to haul signs and other items, which means she needs the most cargo space available. Which vehicle would you recommend?]]></questionBody>
          <imgSrc><![CDATA[]]></imgSrc>
        </question>

        <question type="multi_choice" required="false" answered="false" passed="false">
          <type>
            <criterion>basePrice</criterion>
            <filter></filter>
            <filterNum></filterNum>
          </type>
          <questionTitle><![CDATA[]]></questionTitle>
          <questionBody><![CDATA[The customer wants a sleek vehicle that will turn heads but he is more concerned about the price. Which vehicle would you recommend?]]></questionBody>
          <imgSrc><![CDATA[]]></imgSrc>
        </question>

        <question type="multi_choice" required="false" answered="false" passed="false">
          <type>
            <criterion>cargoVol</criterion>
            <filter></filter>
            <filterNum></filterNum>
          </type>
          <questionTitle><![CDATA[]]></questionTitle>
          <questionBody><![CDATA[The customer mentions she often likes to travel to local state parks to go mountain biking. Which vehicle with the most cargo space would you recommend?]]></questionBody>
          <imgSrc><![CDATA[]]></imgSrc>
        </question>

        <question type="multi_choice" required="false" answered="false" passed="false">
          <type>
            <criterion>rearLegRoom</criterion>
            <filter></filter>
            <filterNum></filterNum>
          </type>
          <questionTitle><![CDATA[]]></questionTitle>
          <questionBody><![CDATA[The customer has children and needs a vehicle that has the most leg room. Which vehicle would you recommend?]]></questionBody>
          <imgSrc><![CDATA[]]></imgSrc>
        </question>
      </questions>
      <answers>
        <answer correct="">
          <modelImgSrc><![CDATA[../../dir/media/img/assets/game/2018-GMC-Acadia-All-Terrain-003.png]]></modelImgSrc>
          <brand><![CDATA[2018 GMC]]></brand>
          <model><![CDATA[Acadia]]></model>
          <attributes><![CDATA[(2.5L FWD)]]></attributes>
          <mpg><![CDATA[21/26]]></mpg>
          <mpgCity><![CDATA[21]]></mpgCity>
          <mpgHighway><![CDATA[26]]></mpgHighway>
          <rearLegRoom><![CDATA[39.7]]></rearLegRoom>
          <cargoVol><![CDATA[41.7]]></cargoVol>
          <basePrice><![CDATA[29,000]]></basePrice>
          <horsePower><![CDATA[193]]></horsePower>
        </answer>

        <answer correct="">
          <modelImgSrc><![CDATA[../../dir/media/img/assets/game/2018-GMC-Terrain-059.png]]></modelImgSrc>
          <brand><![CDATA[2018 GMC]]></brand>
          <model><![CDATA[Terrain]]></model>
          <attributes><![CDATA[(1.5L FWD)]]></attributes>
          <mpg><![CDATA[26/30]]></mpg>
          <mpgCity><![CDATA[26]]></mpgCity>
          <mpgHighway><![CDATA[30]]></mpgHighway>
          <rearLegRoom><![CDATA[39.7]]></rearLegRoom>
          <cargoVol><![CDATA[29.6]]></cargoVol>
          <basePrice><![CDATA[24,995]]></basePrice>
          <horsePower><![CDATA[170]]></horsePower>
        </answer>

        <answer correct="">
          <modelImgSrc><![CDATA[../../dir/media/img/assets/game/2018-GMC-Yukon-Denali-026.png]]></modelImgSrc>
          <brand><![CDATA[2018 GMC]]></brand>
          <model><![CDATA[Yukon]]></model>
          <attributes><![CDATA[(2WD 5.3L)]]></attributes>
          <mpg><![CDATA[16/23]]></mpg>
          <mpgCity><![CDATA[16]]></mpgCity>
          <mpgHighway><![CDATA[31]]></mpgHighway>
          <rearLegRoom><![CDATA[45.3]]></rearLegRoom>
          <cargoVol><![CDATA[51.7]]></cargoVol>
          <basePrice><![CDATA[49,100]]></basePrice>
          <horsePower><![CDATA[355]]></horsePower>
        </answer>

        <answer correct="">
          <modelImgSrc><![CDATA[../../dir/media/img/assets/game/2018-GMC-Canyon-001.png]]></modelImgSrc>
          <brand><![CDATA[2018 GMC]]></brand>
          <model><![CDATA[Canyon]]></model>
          <attributes><![CDATA[(2.5L I-4 2WD Extended Cab)]]></attributes>
          <mpg><![CDATA[19/26]]></mpg>
          <mpgCity><![CDATA[19]]></mpgCity>
          <mpgHighway><![CDATA[26]]></mpgHighway>
          <rearLegRoom><![CDATA[28.6]]></rearLegRoom>
          <cargoVol><![CDATA[N/A]]></cargoVol>
          <basePrice><![CDATA[21,100]]></basePrice>
          <horsePower><![CDATA[200]]></horsePower>
        </answer>

        <answer correct="">
          <modelImgSrc><![CDATA[../../dir/media/img/assets/game/2018-GMC-Sierra-SLT-009.png]]></modelImgSrc>
          <brand><![CDATA[2018 GMC]]></brand>
          <model><![CDATA[Sierra 1500]]></model>
          <attributes><![CDATA[(4.3L V6 2WD, Double Cab)]]></attributes>
          <mpg><![CDATA[18/24]]></mpg>
          <mpgCity><![CDATA[18]]></mpgCity>
          <mpgHighway><![CDATA[24]]></mpgHighway>
          <rearLegRoom><![CDATA[34.6]]></rearLegRoom>
          <cargoVol><![CDATA[N/A]]></cargoVol>
          <basePrice><![CDATA[29,000]]></basePrice>
          <horsePower><![CDATA[285]]></horsePower>
        </answer>
      </answers>
      <feedback>
        <correct><![CDATA[That's correct!]]></correct>
        <incorrect><![CDATA[Sorry. That's Incorrect.]]></incorrect>
      </feedback>
    </questionAnswer>
  </assessment>

  <!-- -->
  <assessment id="3" type="" completed="false" title="Match Features to Wants Game - Chevrolet">
    <introText><![CDATA[<p>With all the questions, play with these assumptions:</p>
    <ul>
      <li>Most recent model year</li>
      <li>Lowest trim level</li>
      <li>No dealer or factory incentives</li>
      <li>All seats up for trunk/cargo space</li>
    </ul>
    <p>Try to get all 10 right! Then come back and play again. The questions and answers will change!</p>
    <p>Click <span class='bolded'>NEXT</span> to begin.</p>]]></introText>

    <questionAnswer type="multi_choice" required="false" answered="false" passed="false">
      <questions>
        <question type="multi_choice" required="false" answered="false" passed="false">
          <type>
            <criterion>mpg</criterion>
            <filter></filter>
            <filterNum></filterNum>
          </type>
          <questionTitle><![CDATA[]]></questionTitle>
          <questionBody><![CDATA[The customer wants the vehicle with the best combined gas mileage. Which vehicle would you recommend?]]></questionBody>
          <imgSrc><![CDATA[]]></imgSrc>
        </question>

        <question type="multi_choice" required="false" answered="false" passed="false">
          <type>
            <criterion>rearLegRoom</criterion>
            <filter></filter>
            <filterNum></filterNum>
          </type>
          <questionTitle><![CDATA[]]></questionTitle>
          <questionBody><![CDATA[The customer wants the vehicle with the most interior cabin space. Which vehicle would you recommend?]]></questionBody>
          <imgSrc><![CDATA[]]></imgSrc>
        </question>

        <question type="multi_choice" required="false" answered="false" passed="false">
          <type>
            <criterion>cargoVol</criterion>
            <filter></filter>
            <filterNum></filterNum>
          </type>
          <questionTitle><![CDATA[]]></questionTitle>
          <questionBody><![CDATA[The customer wants the vehicle with the biggest trunk. Which vehicle would you recommend?]]></questionBody>
          <imgSrc><![CDATA[]]></imgSrc>
        </question>

        <question type="multi_choice" required="false" answered="false" passed="false">
          <type>
            <criterion>basePrice</criterion>
            <filter></filter>
            <filterNum></filterNum>
          </type>
          <questionTitle><![CDATA[]]></questionTitle>
          <questionBody><![CDATA[The customer wants the vehicle with the lowest base price. Which vehicle would you recommend? (Note: Assume lowest trim level and no dealer/factory incentives.)]]></questionBody>
          <imgSrc><![CDATA[]]></imgSrc>
        </question>

        <question type="multi_choice" required="false" answered="false" passed="false">
          <type>
            <criterion>horsePower</criterion>
            <filter></filter>
            <filterNum></filterNum>
          </type>
          <questionTitle><![CDATA[]]></questionTitle>
          <questionBody><![CDATA[The customer wants the vehicle with the most horsepower. Which vehicle would you recommend?]]></questionBody>
          <imgSrc><![CDATA[]]></imgSrc>
        </question>

        <question type="multi_choice" required="false" answered="false" passed="false">
          <type>
            <criterion>mpg</criterion>
            <filter></filter>
            <filterNum></filterNum>
          </type>
          <questionTitle><![CDATA[]]></questionTitle>
          <questionBody><![CDATA[The customer wants a vehicle with good horsepower but is more concerned with fuel efficiency. Which vehicle would you recommend?]]></questionBody>
          <imgSrc><![CDATA[]]></imgSrc>
        </question>

        <question type="multi_choice" required="false" answered="false" passed="false">
          <type>
            <criterion>cargoVol</criterion>
            <filter></filter>
            <filterNum></filterNum>
          </type>
          <questionTitle><![CDATA[]]></questionTitle>
          <questionBody><![CDATA[The customer is a real estate agent, and she needs a vehicle that looks great. However, she often needs to haul signs and other items, which means she needs the most cargo space available. Which vehicle would you recommend?]]></questionBody>
          <imgSrc><![CDATA[]]></imgSrc>
        </question>

        <question type="multi_choice" required="false" answered="false" passed="false">
          <type>
            <criterion>basePrice</criterion>
            <filter></filter>
            <filterNum></filterNum>
          </type>
          <questionTitle><![CDATA[]]></questionTitle>
          <questionBody><![CDATA[The customer wants a sleek vehicle that will turn heads but he is more concerned about the price. Which vehicle would you recommend?]]></questionBody>
          <imgSrc><![CDATA[]]></imgSrc>
        </question>

        <question type="multi_choice" required="false" answered="false" passed="false">
          <type>
            <criterion>cargoVol</criterion>
            <filter></filter>
            <filterNum></filterNum>
          </type>
          <questionTitle><![CDATA[]]></questionTitle>
          <questionBody><![CDATA[The customer mentions she often likes to travel to local state parks to go mountain biking. Which vehicle with the most cargo space would you recommend?]]></questionBody>
          <imgSrc><![CDATA[]]></imgSrc>
        </question>

        <question type="multi_choice" required="false" answered="false" passed="false">
          <type>
            <criterion>rearLegRoom</criterion>
            <filter></filter>
            <filterNum></filterNum>
          </type>
          <questionTitle><![CDATA[]]></questionTitle>
          <questionBody><![CDATA[The customer has children and needs a vehicle that has the most leg room. Which vehicle would you recommend?]]></questionBody>
          <imgSrc><![CDATA[]]></imgSrc>
        </question>

      </questions>
      <answers>
        <answer correct="">
          <modelImgSrc><![CDATA[../../dir/media/img/assets/game/2018-Chevrolet-SparkACTIV-001.png]]></modelImgSrc>
          <brand><![CDATA[2018 Chevrolet]]></brand>
          <model><![CDATA[Spark]]></model>
          <attributes><![CDATA[(CVT)]]></attributes>
          <mpg><![CDATA[30/38]]></mpg>
          <mpgCity><![CDATA[30]]></mpgCity>
          <mpgHighway><![CDATA[38]]></mpgHighway>
          <rearLegRoom><![CDATA[33]]></rearLegRoom>
          <cargoVol><![CDATA[11.1]]></cargoVol>
          <basePrice><![CDATA[13,050]]></basePrice>
          <horsePower><![CDATA[98]]></horsePower>
        </answer>

        <answer correct="">
          <modelImgSrc><![CDATA[../../dir/media/img/assets/game/2018-Chevrolet-Sonic-005.png]]></modelImgSrc>
          <brand><![CDATA[2018 Chevrolet]]></brand>
          <model><![CDATA[Sonic Sedan]]></model>
          <attributes><![CDATA[(1.4L Turbo, Manual)]]></attributes>
          <mpg><![CDATA[28/37]]></mpg>
          <mpgCity><![CDATA[28]]></mpgCity>
          <mpgHighway><![CDATA[37]]></mpgHighway>
          <rearLegRoom><![CDATA[34.6]]></rearLegRoom>
          <cargoVol><![CDATA[14.9]]></cargoVol>
          <basePrice><![CDATA[15,295]]></basePrice>
          <horsePower><![CDATA[138]]></horsePower>
        </answer>

        <answer correct="">
          <modelImgSrc><![CDATA[../../dir/media/img/assets/game/2018-Chevrolet-Cruze-011.png]]></modelImgSrc>
          <brand><![CDATA[2018 Chevrolet]]></brand>
          <model><![CDATA[Cruze LT Sedan]]></model>
          <attributes><![CDATA[(1.4L Turbo, Automatic)]]></attributes>
          <mpg><![CDATA[30/40]]></mpg>
          <mpgCity><![CDATA[30]]></mpgCity>
          <mpgHighway><![CDATA[40]]></mpgHighway>
          <rearLegRoom><![CDATA[36.1]]></rearLegRoom>
          <cargoVol><![CDATA[13.9]]></cargoVol>
          <basePrice><![CDATA[16,975]]></basePrice>
          <horsePower><![CDATA[137]]></horsePower>
        </answer>

        <answer correct="">
          <modelImgSrc><![CDATA[../../dir/media/img/assets/game/2018-Chevrolet-Malibu-008.png]]></modelImgSrc>
          <brand><![CDATA[2018 Chevrolet]]></brand>
          <model><![CDATA[Malibu]]></model>
          <attributes><![CDATA[(1.5L Turbo)]]></attributes>
          <mpg><![CDATA[27/36]]></mpg>
          <mpgCity><![CDATA[27]]></mpgCity>
          <mpgHighway><![CDATA[36]]></mpgHighway>
          <rearLegRoom><![CDATA[38.1]]></rearLegRoom>
          <cargoVol><![CDATA[15.8]]></cargoVol>
          <basePrice><![CDATA[21,680]]></basePrice>
          <horsePower><![CDATA[163]]></horsePower>
        </answer>

        <answer correct="">
          <modelImgSrc><![CDATA[../../dir/media/img/assets/game/2018-Chevrolet-Impala-LTZ-008.png]]></modelImgSrc>
          <brand><![CDATA[2018 Chevrolet]]></brand>
          <model><![CDATA[Impala]]></model>
          <attributes><![CDATA[2.5L I-4]]></attributes>
          <mpg><![CDATA[22/30]]></mpg>
          <mpgCity><![CDATA[22]]></mpgCity>
          <mpgHighway><![CDATA[30]]></mpgHighway>
          <rearLegRoom><![CDATA[39.8]]></rearLegRoom>
          <cargoVol><![CDATA[18.8]]></cargoVol>
          <basePrice><![CDATA[27,895]]></basePrice>
          <horsePower><![CDATA[197]]></horsePower>
        </answer>

        <answer correct="">
          <modelImgSrc><![CDATA[../../dir/media/img/assets/game/2018-Chevrolet-Trax-03.png]]></modelImgSrc>
          <brand><![CDATA[2018 Chevrolet]]></brand>
          <model><![CDATA[Trax]]></model>
          <attributes><![CDATA[(FWD)]]></attributes>
          <mpg><![CDATA[25/33]]></mpg>
          <mpgCity><![CDATA[25]]></mpgCity>
          <mpgHighway><![CDATA[33]]></mpgHighway>
          <rearLegRoom><![CDATA[35.7]]></rearLegRoom>
          <cargoVol><![CDATA[18.7]]></cargoVol>
          <basePrice><![CDATA[21,000]]></basePrice>
          <horsePower><![CDATA[138]]></horsePower>
        </answer>

        <answer correct="">
          <modelImgSrc><![CDATA[../../dir/media/img/assets/game/2018-Chevrolet-Equinox-054.png]]></modelImgSrc>
          <brand><![CDATA[2018 Chevrolet]]></brand>
          <model><![CDATA[Equinox]]></model>
          <attributes><![CDATA[(1.5L FWD)]]></attributes>
          <mpg><![CDATA[26/32]]></mpg>
          <mpgCity><![CDATA[26]]></mpgCity>
          <mpgHighway><![CDATA[32]]></mpgHighway>
          <rearLegRoom><![CDATA[39.7]]></rearLegRoom>
          <cargoVol><![CDATA[29.9]]></cargoVol>
          <basePrice><![CDATA[23,580]]></basePrice>
          <horsePower><![CDATA[170]]></horsePower>
        </answer>

        <answer correct="">
          <modelImgSrc><![CDATA[../../dir/media/img/assets/game/2018-Chevrolet-Traverse-049.png]]></modelImgSrc>
          <brand><![CDATA[2018 Chevrolet]]></brand>
          <model><![CDATA[Traverse]]></model>
          <attributes><![CDATA[(3.6L V6 FWD)]]></attributes>
          <mpg><![CDATA[18/27]]></mpg>
          <mpgCity><![CDATA[18]]></mpgCity>
          <mpgHighway><![CDATA[27]]></mpgHighway>
          <rearLegRoom><![CDATA[38.4]]></rearLegRoom>
          <cargoVol><![CDATA[58.1]]></cargoVol>
          <basePrice><![CDATA[29,930]]></basePrice>
          <horsePower><![CDATA[310]]></horsePower>
        </answer>

        <answer correct="">
          <modelImgSrc><![CDATA[../../dir/media/img/assets/game/2018-Chevrolet-Colorado-ZR2-070.png]]></modelImgSrc>
          <brand><![CDATA[2018 Chevrolet]]></brand>
          <model><![CDATA[Colorado]]></model>
          <attributes><![CDATA[(2.5L I-4 2WD Manual, Extended Cab)]]></attributes>
          <mpg><![CDATA[19/26]]></mpg>
          <mpgCity><![CDATA[19]]></mpgCity>
          <mpgHighway><![CDATA[26]]></mpgHighway>
          <rearLegRoom><![CDATA[28.6]]></rearLegRoom>
          <cargoVol><![CDATA[N/A]]></cargoVol>
          <basePrice><![CDATA[20,200]]></basePrice>
          <horsePower><![CDATA[200]]></horsePower>
        </answer>

        <answer correct="">
          <modelImgSrc><![CDATA[../../dir/media/img/assets/game/2018-Chevrolet-Silverado-001.png]]></modelImgSrc>
          <brand><![CDATA[2018 Chevrolet]]></brand>
          <model><![CDATA[Silverado 1500]]></model>
          <attributes><![CDATA[(4.3L V6 2WD, Double Cab)]]></attributes>
          <mpg><![CDATA[18/24]]></mpg>
          <mpgCity><![CDATA[18]]></mpgCity>
          <mpgHighway><![CDATA[24]]></mpgHighway>
          <rearLegRoom><![CDATA[34.6]]></rearLegRoom>
          <cargoVol><![CDATA[N/A]]></cargoVol>
          <basePrice><![CDATA[28,300]]></basePrice>
          <horsePower><![CDATA[285]]></horsePower>
        </answer>

        <answer correct="">
          <modelImgSrc><![CDATA[../../dir/media/img/assets/game/2018-Chevrolet-Camaro-051.png]]></modelImgSrc>
          <brand><![CDATA[2018 Chevrolet]]></brand>
          <model><![CDATA[Camaro Coupe]]></model>
          <attributes><![CDATA[(2.0L I-4, Manual)]]></attributes>
          <mpg><![CDATA[20/30]]></mpg>
          <mpgCity><![CDATA[20]]></mpgCity>
          <mpgHighway><![CDATA[30]]></mpgHighway>
          <rearLegRoom><![CDATA[29.9]]></rearLegRoom>
          <cargoVol><![CDATA[9.1]]></cargoVol>
          <basePrice><![CDATA[25,905]]></basePrice>
          <horsePower><![CDATA[275]]></horsePower>
        </answer>
      </answers>

      <feedback>
        <correct><![CDATA[That's correct!]]></correct>
        <incorrect><![CDATA[Sorry. That's Incorrect.]]></incorrect>
      </feedback>
    </questionAnswer>
  </assessment>


</assessments>
