﻿<?xml version="1.0" encoding="utf-8" ?>
<!-- informational resources relevant to the course, e.g. pdf's, websites, videos -->
<glossary>
    <notFound id="" audio="">
        <term><![CDATA[]]></term>
        <definition><![CDATA[Definition not found.]]></definition>
    </notFound>
    <!-- <item id="" audio="">
        <term><![CDATA[]]></term>
        <definition><![CDATA[]]></definition>
    </item> -->
    <item id="1" audio="">
        <term><![CDATA[]]></term>
        <definition><![CDATA[]]></definition>
    </item>
</glossary>
