﻿<?xml version="1.0" encoding="utf-8" ?>
<glossary translatePanel="false" useNextPrevLabel="false">

  <item>
    <term><![CDATA[172-point inspection]]></term>
    <definition><![CDATA[the detailed criteria every eligible pre-owned GM vehicle must meet to become certified within the GM system. Every eligible vehicle that meets the basic standards must pass all 172 points, or reconditioned to meet the standards in order to become certified. This inspection is the foundation on which the Certified Pre-Owned Program is built.]]></definition>
  </item>

  <item>
    <term><![CDATA[average transaction price (ATP)]]></term>
    <definition><![CDATA[the average price for which a vehicle is likely to sell. The Certified Pre-Owned program helps keep the ATP increased, thus protecting the brand and strengthening the residual value for new, used and CPO vehicles.]]></definition>
  </item>

  <item>
    <term><![CDATA[certified pre-owned (CPO)]]></term>
    <definition><![CDATA[a pre-owned vehicle that is the current model year or previous-five model years from original in-service date, has fewer than 75,000 miles, has a clean vehicle history, has no open field actions (including recalls or campaign repairs) and has undergone a rigorous inspection and reconditioning process. These vehicles offer more than $2,800 of built-in-value, a 6-year/100,000-mile Powertrain Limited Warranty, a CPO Scheduled Maintenance Program, a vehicle exchange program and a free vehicle history report.]]></definition>
  </item>

  <item>
    <term><![CDATA[certified Pre-Owned Inventory System (CPOIS)]]></term>
    <definition><![CDATA[A company-wide inventory system that helps participating dealers manage their own certified-pre owned vehicles as well as gain access to other vehicles throughout the company, either from other dealers or company-owned. The intuitive system allows for complete management of your inventory and is essential for completing the certification process. It provides exclusive marketing materials, such as window stickers, and shares your inventory across many online outlets. The system is offered by the GM Certified Pre-Owned Teams supporting the Chevrolet, Buick, and GMC Certified Pre-Owned Programs.]]></definition>
  </item>

  <item>
    <term><![CDATA[dEALER SUPPORT CENTER]]></term>
    <definition><![CDATA[Enroll in CPOIS and the Factory Pre-Owned Collection by calling 888-468-7338.]]></definition>
  </item>

  <item>
    <term><![CDATA[eND-OF-TERM]]></term>
    <definition><![CDATA[A vehicle reaching the end of its lease contract. The customer has several options to return the vehicle, buy the vehicle or institute a short-term lease or re-lease in some cases. Dealerships have the ability to purchase the vehicle to pay off the lease and add it to their inventory as well as use the vehicle as incentive to sell the buyer another vehicle.]]></definition>
  </item>

  <item>
    <term><![CDATA[fACTORY PRE-OWNED COLLECTION (FPOC)]]></term>
    <definition><![CDATA[A website that offers off-rental, off-lease and GM company vehicles simultaneously to consumers and on the wholesale market. Customers can shop the site, apply for financing and have their vehicle delivered directly to a participating dealer. Dealers can use the site to bid on exclusive vehicles at wholesale prices. Enroll through GlobalConnect. The Dealer Support Center can help you enroll.]]></definition>
  </item>

  <item>
    <term><![CDATA[gMCERTIFIED.COM]]></term>
    <definition><![CDATA[A consumer-focused website that collects a wide array of certified pre-owned Chevrolet, Buick and GMC vehicles from participating dealerships throughout the nation. Consumers can explore the vehicles available, purchase direct to dealer through no-hassle pricing and have the vehicle delivered directly to their local participating dealership. Every CPO vehicle in your inventory is displayed on the site.]]></definition>
  </item>

  <item>
    <term><![CDATA[gMF DEALERSOURCE]]></term>
    <definition><![CDATA[GMF DealerSource is an online platform developed exclusively for GM franchise dealers that allows them to track upcoming maturities, obtain payoff quotes, ground returning vehicles and purchase pre-owned GM inventory including returned GM company car and rental vehicles, as well as GM Financial off-lease inventory. GMF DealerSource is available as a smartphone or tablet app for Android™ and Apple® users.]]></definition>
  </item>

  <item>
    <term><![CDATA[gROUNDING]]></term>
    <definition><![CDATA[Grounding is the process of returning a leased vehicle that is 365 days or less to contract maturity. A dealer informs GM Financial that the vehicle in question has been returned and the lease contract has been ended and the vehicle rights are being transferred back to the manufacturer. Dealers can easily ground vehicles using GMF DealerSource, and can elect to keep the vehicle through an easy step-by-step process.]]></definition>
  </item>

  <item>
    <term><![CDATA[iNVESTIGATIVE VEHICLE HISTORY (IVH) REPORT]]></term>
    <definition><![CDATA[A vehicle report that is accessed through GlobalConnect's Service Workbench. All certified vehicles need to have a program-compliant IVH.]]></definition>
  </item>

  <item>
    <term><![CDATA[mATURITY VIEWER]]></term>
    <definition><![CDATA[A feature of GMF DealerSource that allows the user to track and anticipate upcoming lease maturities as well as identify early-cycle opportunities.]]></definition>
  </item>

  <item>
    <term><![CDATA[oFF-LEASE]]></term>
    <definition><![CDATA[A vehicle that has reached the end of its contract and is no longer under lease. Until action is taken, the vehicle is considered owned by General Motors.]]></definition>
  </item>

  <item>
    <term><![CDATA[sCHEDULED MAINTENANCE PROGRAM]]></term>
    <definition><![CDATA[CPO Scheduled Maintenance Program helps consumers keep their vehicles in top condition with GM’s no-charge scheduled maintenance. Every Certified Pre-Owned Chevrolet, Buick, and GMC vehicle comes with the 2-Year/24,000-Mile CPO Scheduled Maintenance Program with two included maintenance visits. Services performed are oil and oil filter changes, tire rotations and multi-point inspections.]]></definition>
  </item>

  <item>
    <term><![CDATA[vEHICLE HISTORY REPORT (VHR)]]></term>
    <definition><![CDATA[Obtained through CARFAX® or AutoCheck, the VHR is a detailed report of the vehicle's history and is provided for free to customers of CPO vehicles. All CPO vehicles must pass and have a clean history report, and that report must be made available for free to potential customers and eventual buyers. The report is an essential document to be included in the final paperwork that is passed on to the customer.]]></definition>
  </item>
</glossary>
