<?xml version="1.0" encoding="UTF-8"?>
<course translatePanel="false" useNextPrevLabel="false">
  <strings>
    <title><![CDATA[HTML Template Example]]></title>
    <subTitle><![CDATA[LET'S TAKE A LOOK AT THIS]]></subTitle>
  </strings>

  <headerLinks included="true"> <!-- valid values: "true", "false" -->
    <!--<headerLink href="" itemId="test" target=""><![CDATA[OPERATIONS GUIDE]]></headerLink>-->
    <headerLink href="#" itemId="btnGlossary" target=""><![CDATA[GLOSSARY]]></headerLink>
    <headerLink href="#" itemId="btnHelpModal" target=""><![CDATA[?]]></headerLink>
  </headerLinks>

  <chapter>
    <title><![CDATA[KNOW YOUR LINEUP]]></title>
    <pages>
      <page gated="false" locks="0" audio=""><![CDATA[KNOW YOUR LINEUP]]></page>
    </pages>
  </chapter>

  <chapter>
    <title><![CDATA[COURSE COMPLETION]]></title>
    <pages>
      <page gated="false" locks="0" audio=""><![CDATA[COURSE COMPLETION]]></page>
    </pages>
  </chapter>
</course>
