<?xml version="1.0" encoding="utf-8" ?>
<splash>
  <title><![CDATA[Selling Skills]]></title>
  <caption><![CDATA[MATCH FEATURES TO WANTS AND NEEDS]]></caption>
  <introduction><![CDATA[Knowing your lineup is your bread and butter. It pushes the conversations, builds rapport and ultimately puts the customer in the perfect vehicle. That means satisfation and great first step in building customers for life.
  <br>
  <br>
  This game will help you learn the ins and outs of every new vehicle in your brand line-up. Click the button to start playing.]]>
  </introduction>
</splash>
