<?xml version="1.0" encoding="utf-8" ?>
<page>
  <title><![CDATA[Know Your Lineup]]></title>
  <content>
    <![CDATA[
    <div class="row">
      <div class="col-sm-12">
        <h1 id="pageTitle">Know Your Lineup</h1>
        <div class="page-number"><span>1</span> of <span>2</span></div>
      </div>
    </div>
    <div class="row margin-below">
      <div class="col-md-6">
        <p class="top-paragraph">While no two people are the same, there is a cross-section of features and attributes that many customers look for in their next new vehicle. Customers tend to lean toward a few key criteria:</p>
        <ul>
          <li>Fuel efficiency</li>
          <li>Safety</li>
          <li>Performance and handling</li>
          <li>Exterior design</li>
          <li>Reliability</li>
        </ul>
        <p class="top-paragraph">This is just the beginning. The more you interact with customers, the more criteria you’ll begin to notice. Knowing which vehicle is the best choice for customers’ individual needs can rev up a conversation and drive their confidence in you.</p>
      </div>
      <div id="btnAssessment1" class="col-md-offset-1 col-md-5 btn-assess">
        <div class="block summary">
          <img class="img-fluid" src="../../../dir/media/img/assets/game/game_launch_btn.png" alt="game launch button"/>
        </div>
      </div>
    </div>]]>
</content>
</page>
